Organization,Type,Fine art capability they run,"Why this conflicts, or why it is out of scope",Verdict,Source
Huntington T. Block (Aon),Brokerage-owned facility,"Aon's dedicated fine art brokerage, the longest-running US art specialist. 4 of the 6 2025 Fine Arts Power Brokers came from here. Endorsed by both the American Alliance of Museums and the American Institute for Conservation.","Any Aon-affiliated retail or wholesale channel routes art internally. There is no open slot. This is the firm the Museum form displaces at the account level, not a partner.",EXCLUDE,huntingtontblock.com/About-HTB; aam-us.org 2025-09-08
Aon Private Risk Management,Brokerage-owned facility,"Aon's HNW personal lines practice, feeding Huntington T. Block for collections.","Internal routing. Aon's $17B USI acquisition announced 2026-08-31 extends this conflict across USI's middle-market platform, so USI must be re-screened too.",EXCLUDE,insurancejournal.com 2026-08-31
Risk Strategies / DeWitt Stern,Brokerage-owned facility,"National Fine Arts practice under a National Fine Art Product Leader (Mary Pontillo, SVP, a 2023 and 2025 Fine Arts Power Broker). DeWitt Stern legacy art book. One80 Intermediaries is the captive wholesale arm.",Both the retail and wholesale ends are closed. A One80 placement would compete with their own retail art practice.,EXCLUDE,riskandinsurance.com 2025 Fine Arts Power Brokers
Hugh Wood Inc. / HW International US,Brokerage-owned facility,Longtime fine art plus numismatic and coin-dealer specialist. Risk Strategies acquired its North American operations 2024-03-05.,"Now inside Risk Strategies alongside DeWitt Stern. Competitive intel or a producer-level recruit, not a distribution partner.",EXCLUDE,businesswire.com 2024-03-05
One80 Intermediaries,MGA / wholesale intermediary,"Private Client Services page already names fine art, jewelry, wine, antiques and memorabilia.","Sister-firm overlap with DeWitt Stern's National Fine Art Practice, and now moving under Brown & Brown's Bridge Specialty / Arrowhead structure where a Valuable Articles program already exists.",EXCLUDE,one80.com/wholesale/private-client-services/
Gallagher / Gallagher Private Client,Brokerage-owned facility,"Named Fine Arts Insurance practice plus an Art, Jewellery & Specie team. Named Cheryl Karim Managing Director, Fine Arts 2026-06-16, four months after closing the $1.2B Woodruff Sawyer acquisition. Risk Placement Services is the captive wholesaler.",Art routes to their own practice through their own wholesaler. Both ends closed.,EXCLUDE,insurancejournal.com 2026-06-16; ajg.com/insurance/fine-arts-insurance/
Alliant Insurance Services / Alliant Private Client,Brokerage-owned facility,"Named Fine Art & Collectibles practice under Mark Recht, Fine Art Practice Leader, Irvine. Services 12 of the world's top 200 private collections. Hired Nancy Yoshida as SVP 2026-03-25 from Momentous/MMA.",They sell fine art as their own specialty with an entrenched carrier panel. An outside MGA is a vendor at best. Possible narrow opening on sub-$500K binding speed and second-layer capacity only.,"EXCLUDE, revisit only on capacity",alliantprivateclient.com fine-art-collectibles
Crystal & Company legacy (Alliant),Brokerage-owned facility,New York private client and specialty book acquired by Alliant April 2018 and folded into Alliant Private Client.,Same conflict as Alliant. The legacy New York art relationships are now inside Alliant.,EXCLUDE,insurancejournal.com 2018-04-12
WTW,Brokerage-owned practice,"Fine Art insurance broking, advisory and risk management practice.","A top-three global brokerage with its own art practice. Not named in Appendix A, but it should be screened out before anyone works it.",EXCLUDE,wtwco.com/en-us/solutions/services/fine-art-insurance
Marsh Private Client Services / MMA Fine Arts & Specie,Brokerage-owned facility,MMA created a Fine Arts & Specie leader role and hired Anne Rappa out of Aon's Huntington T. Block 2024-05-16. Marsh PCS is a separate in-house HNW practice.,"They built the exact practice we would be selling into, staffed from the market's best-known art brokerage. MARSH is still named in Appendix A, so Patrick owns the final call.","FLAG, Appendix A name",marshmma.com Rappa appointment
RT Specialty national personal lines shelf,Wholesale shelf commitment,"Exclusive US wholesale distributor for Private Client Select, the carved-out AIG Private Client Group, with AIG E&S capacity via Marbleshore in all 50 states as of 2024-07-26.",The single biggest structural conflict in the Appendix A set. Their national personal lines shelf is effectively exclusive to a competing HNW MGU.,"FLAG, Appendix A name, recommend drop",insurancejournal.com 2024-07-26
Private Client Select (former AIG Private Client Group),MGA,"Carved out with Stone Point in 2023. Writes HNW collections, distributed exclusively in US wholesale by Ryan Specialty.",The reason RT Specialty's shelf is closed. Direct competitor for the Personal form at scale.,"EXCLUDE, competitor",insurancejournal.com 2024-07-26
Berkley Asset Protection (W. R. Berkley),Carrier / MGU,"Purpose-built asset protection unit launched 2008 writing fine art, jewelers block, private collections, museums and dealers. 15+ years in market.","Wholesalers routinely hold Berkley Asset Protection binding authority, so our submission gets shopped against an in-house authority. This is the appetite benchmark West wholesalers will compare us against.",EXCLUDE as a channel where a wholesaler holds that authority,berkleyassetpro.com
Nexus Underwriting US,"MGA, new entrant","Launched a US Fine Art solution 2026-04-16 under a Head of Fine Art: private and corporate collectors, religious and educational institutions, museums, galleries, dealers. Broker-focused distribution with in-house conservators, restorers and appraisers.","The newest direct competitor for the same four forms and the same broker channel. If they reach a wholesaler's market directory first, the slot is gone.","EXCLUDE as a partner, TRACK as the live competitive threat",Nexus Underwriting US fine art launch 2026-04-16
Falvey Insurance Group,MGA / wholesaler,"Fine Art under Emerging & Specialty: museums, galleries, exhibitions, private collections. Also Specie.",A competing MGA with marine and transit DNA. A wholesaler already using Falvey has an art shelf.,"EXCLUDE as a channel, competitor",falveyinsurancegroup.com/insurance/specialty-brokerage/
AXA XL Fine Art & Specie,Carrier,"Dedicated global Fine Art & Specie unit: private collections, museums, dealers, galleries, plus risk consulting. Runs the AXA Art Prize US.",A broker whose art flow sits here has an incumbent underwriter with a servicing and risk-engineering wrap we cannot match on day one.,"FLAG partial, incumbent carrier",axaxl.com/fine-art-and-specie
Chubb,Carrier,"Positions itself as a leading insurer of privately owned fine art and jewelry. Agreed value, specified and unspecified, automatic new-acquisition cover.",The default private client incumbent. Most private client books sit on Chubb paper with a Chubb-trained service model.,"FLAG partial, incumbent carrier",privateartinvestor.com art insurers and brokers
Travelers,Carrier,"Standalone Jewelry, Fine Art & Valuables products plus corporate collection and commercial artwork in permanent locations and transit.","Broadly appointed at retail, so a retail broker can write small and mid fine art with no wholesaler at all. Lowers the urgency of registering with us.","FLAG partial, incumbent carrier",travelers.com/jewelry-insurance
Great American,Carrier,Dedicated Fine Art line inside Fidelity/Crime with separate Private Art Collector and Museum & Cultural Institution products.,"Covers three of our four forms directly, including Museum, on admitted paper.","FLAG partial, incumbent carrier",greatamericaninsurancegroup.com fine-art-insurance
Arch,Carrier,"Fine Art & Specie industry practice across the US, the London market and the EU.","A capacity competitor that is also an MGA capacity provider, so a capacity hunt can collide with their direct appetite.",FLAG partial,insurance.archgroup.com/industry/fine-art-specie/
Markel,Carrier,"Art, sculpture, stamps, coins, musical instruments and antiquities for commercial and individual collectors.",Broadly appointed specialty carrier that retail brokers reach without a wholesaler.,FLAG partial,privateartinvestor.com art insurers and brokers
Zurich,Carrier,"Fine Art & Specie program across up to 180 countries with a specialist claims team, plus a separate Marine Fine Art and Specie line.",Capacity and incumbency competitor on corporate and transit art.,FLAG partial,zurich.co.uk/broker/specialty-lines/fine-art-and-specie
Beazley,Carrier,"Fine art portfolios for private collectors, auction houses and museum exhibitions.",Lloyd's-channel capacity competitor on the same four segments.,FLAG partial,privateartinvestor.com art insurers and brokers
Canopius,Carrier,Specie and Fine Art line.,Lloyd's-channel capacity competitor.,FLAG partial,canopius.com/insurance/specie-and-fine-art-insurance/
Munich Re (Global Markets Syndicate),Carrier,Fine Art and Specie product.,"Capacity competitor, but also a potential capacity source if approached as a partner rather than a rival.","FLAG partial, possible capacity source",munichre.com global-markets-syndicate specie
CNA Hardy,Carrier,Fine Art and Specie within Marine.,Capacity competitor.,FLAG partial,cnahardy.com/products/marine/fine-art-and-specie
Jewelers Mutual / Zillion,Carrier plus insurtech,Standalone jewelry insurance distributed through partners including GEICO Insurance Agency since July 2019. Zillion supplies the digital jewelry rails.,"Occupies the adjacent collectibles slot inside direct writers and retailers, and is the comparable any direct writer will benchmark us against.","FLAG partial, adjacent not fine art",coverager.com GEICO and Jewelers Mutual
EPIC fine art wildfire program (FortressFire / BMS),Brokerage-fronted program,Launched 2025-06-25 for California collections $5M to $250M.,"EPIC is named in Appendix A but now fronts its own branded fine art program, so the national account pursuit is a displacement rather than a gap. Patrick owns the call.","FLAG, Appendix A name",prnewswire.com 2025-06-25
Gerald J. Sullivan & Associates,"Absorbed, do not source","Absorbed into Worldwide Facilities, which merged into Amwins in 2022.",Still ranks in search results as a standalone LA wholesaler. Prospecting it wastes a cycle and signals stale research.,"DO NOT SOURCE, absorbed",insurancejournal.com Sullivan / Worldwide Facilities
Anderson & Murison,"Absorbed, do not source",Absorbed into Monarch E&S under HUB's Specialty Program Group.,"Prospect the SPG/Monarch entity instead, and note it already binds a fine arts floater.","DO NOT SOURCE, absorbed",specialtyprogramgroup.com
All Risks Ltd,"Absorbed, do not source",Absorbed into CRC Group.,Prospect CRC instead.,"DO NOT SOURCE, absorbed",crcgroup.com
Castle Rock Agency (CO) and SCIC Team (Colorado Springs),"Absorbed, do not source",Both still rank for art gallery and museum insurance but now redirect to Brown & Brown and HUB International respectively.,The independent shops no longer exist. Work the parent entities.,"DO NOT SOURCE, absorbed",Site redirects verified
Sprague Israel Giles (Seattle) and Arthur Hall Insurance,"Absorbed, do not source",Now World Insurance Associates and Marsh McLennan Agency respectively.,Same issue. Work the parent entities.,"DO NOT SOURCE, absorbed",Corporate announcements
"Winston Art Group, The Fine Art Group, Prestige Estate Services, Powell Fine Art Advisory, Wealthspire Art InSpired","Referral source, not a broker",Appraisers and art advisors. Wealthspire launched Art InSpired Nov 2024.,"They cannot be registered because they do not place coverage, but they sit upstream of every placement and belong on a separate referral-source list.","NOT A BROKER, build a separate referral list",Firm websites
"Collectibles Insurance Services, American Collectors Insurance, Hagerty, Charity First, Nonprofits Insurance Alliance, PURE Art Insurance Services","Market or program administrator, not a broker","MGAs, program administrators, risk pools and carriers in adjacent collectibles and nonprofit space.",They cannot be registered as brokers and several underwrite against our four forms directly.,NOT A BROKER,Firm websites
"Saxon, Brownhill, Greenfield, Macbeth, Chelsea, Highworth, Miller, Tysers",No US retail footprint,UK and London market brokers that rank highly on art insurance searches.,"No US retail footprint, so they cannot write US retail business through a Distinguished registration.",NOT IN SCOPE,Firm websites
Mercury General,"Out of scope, carried over from the prior build","Carried over from the Decerto-era watchlist. A California personal lines carrier, not a broker.","Belongs to the prior carrier-software thesis, not this one. Removed from the working universe.","NOT IN SCOPE, prior-list artifact","Prior prospect list, Oct 2026"
