Company,Book,Segment,Sub-type,HQ,Forms,Practice to ask for,Named contact,Est. placeable FA premium,PremConc(30),SegFit(20),DistLev(20),TerrGap(15),Access(10),ConflictFree(5),Base(100),Weighted,Wave,Trigger,Conflict flag
Marsh McLennan Agency West,Both,T1 Major,West arm of a national brokerage,"San Diego, CA",P / C / M,Private Client Services (MMA PCS),"Paul Hering, Vice Chairman, MMA",$500K+,30,20,20,0,6,0,76,76,1,"Rolled Atlas (Honolulu) and Momentous (Van Nuys) under the MMA brand. Lost Momentous private client SVP Nancy Yoshida to Alliant 2026-03-25, leaving a West PCS servicing gap.",MARSH named in Appendix A. MMA created a Fine Arts & Specie leader seat and hired Anne Rappa out of Aon/HTB 2024-05-16. Conflict check pending with Patrick.
HUB International,Both,T1 Major,"National brokerage, West region","Chicago, IL",P / C / M,HUB Private Client; HUB Northwest,"Brandon Hetrick, VP Private Client Risk Advisor, Newport Beach",$500K+,30,20,20,8,3,2,83,83,1,Hetrick hired 2026-02-17 to build a Newport Beach private client book from zero. A brand-new book with no fine art market attached is the cheapest entry point on the T1 list.,"Partial. HUB owns Specialty Program Group, an MGA platform that could stand up a competing facility, and SPG/Monarch already binds a jewelry and fine arts floater."
EPIC Insurance Brokers & Consultants (Galway),Both,National Brokerage,Appendix A national brokerage,"San Francisco, CA",P / C / D / M,Private Client Practice,not found,$500K+,30,20,20,8,3,0,81,81,1,Launched a Fine Art & Collections Wildfire program with FortressFire and BMS 2025-06-25 for collections $5M to $250M. Acquired Price Insurance 2025-10-28 and Chartwell 2025-02-10 to build out Private Client.,"EPIC named in Appendix A, but it now fronts its own branded fine art program. This is displacement, not a gap. Conflict check pending with Patrick."
"Acrisure (incl. Parker Smith & Feek, SullivanCurtisMonroe)",Both,National Brokerage,Appendix A national brokerage,"Grand Rapids, MI",P / C / M,Private Client; Parker Smith & Feek nonprofit book,not found,$150K-$500K,20,20,20,8,0,2,70,70,1,"Rebranded agency partners and formally established a West region. Launched WholeSure, an integrated national P&C wholesale division, 2024-02-29. Parker Smith & Feek adds a Bellevue and Anchorage nonprofit book.","Partial. ACRISURE named in Appendix A. Owns Acrisure Re and MGA platforms, and keeps buying MGA capability."
Brown & Brown,Both,T1 Major,National brokerage with a published fine art page,"Daytona Beach, FL",P / C / D / M,Fine Art industry practice; Private Client,not found,$150K-$500K,20,20,20,8,0,0,68,68,2,"Publishes a standalone Fine Art industry page advertising access to all fine art insurance companies, which is an open invitation to pitch capacity. $5.9B revenue, 700+ locations.","Partial to conflicted. Names private collections, museums, artist studios and art businesses, our exact four segments. Also owns Arrowhead (Valuable Articles program), Orchid and Bridge Specialty."
IMA Financial Group,West Region,T1 Major,Employee-owned large regional,"Denver, CO",P / C / M,IMA Private Client,not found,$150K-$500K,20,20,20,15,0,5,80,80,1,"PURE-appointed, which confirms a live HNW outlet. Acquisitive through 2025 including the Valent Group partnership Oct 2025. Denver Art Museum and the Cherry Creek arts cluster sit in the home metro.",None found. No in-house fine art facility.
The Baldwin Group (formerly BRP Group),West Region,T1 Major,National brokerage building a West region,"Tampa, FL",P / C,"Insurance Advisory Solutions, West; Wood Gutmann & Bogart private client","Pierce, West Regional President, Insurance Advisory Solutions (first name not found)",$150K-$500K,20,20,20,8,3,5,76,76,1,"Hired a West Regional President 2026-07-14, a brand-new regional seat. Owns Wood Gutmann & Bogart (Tustin) with an Orange County personal lines book acquired in 2021 and never specialized.",None found.
Lockton,West Region,T1 Major,"Largest independent brokerage, West offices","Kansas City, MO",P / C / M,Private Risk Solutions,not found,$150K-$500K,20,20,20,8,0,2,70,70,1,"Added to the universe manually. The largest privately held brokerage in the world with a Private Risk Solutions practice and no publicly named fine art facility, so the segment-fit read needs a discovery call.","Unverified. Site blocks automated fetching, so the conflict screen could not be completed. Treat as unknown until a call."
Newfront,West Region,T2 Multi-office,Technology-led regional brokerage,"San Francisco, CA",P / C / D,Private Client Group,"Adrianne Peixotto, Principal and Head of Private Client Group",$150K-$500K,20,20,20,8,3,5,76,76,1,"PURE-appointed with a named Head of Private Client Group and a dedicated practice page. Bay Area founder liquidity events drive new collection formation, which means unscheduled art sitting on homeowners floaters.",None found.
Heffernan Insurance Brokers,West Region,T2 Multi-office,Nonprofit specialist regional,"Walnut Creek, CA",M / C,"Nonprofit Practice, Arts vertical","Steve Parkhurst, Nonprofit Practice Leader (925.942.4660)",$150K-$500K,20,20,20,15,3,5,83,83,1,"4,000+ nonprofit clients nationwide with Arts named as one of eight verticals. Highest-density Museum form target in the West. Arts-org collections in that book are almost certainly on blanket property forms with no scheduled valuation.",None found.
Propel Insurance,West Region,T2 Multi-office,Pacific Northwest regional,"Tacoma, WA",P / C / M,National Real Estate & Construction Practice; personal lines,"Melody Olson, National Real Estate & Construction Practice Leader; Max Hanley, Regional Director WA & AK",$50K-$150K,10,20,20,15,3,5,73,73,1,"Announced a national practice leader and a WA/AK regional director in the same release, so practice buildout is active. PURE-appointed. The commercial real estate book maps to the Corporate form via lobby and tenant-amenity art.",None found.
Moreton & Company,West Region,T2 Multi-office,"Assurex Global member, Intermountain","Salt Lake City, UT",P / C / M,Private Client; nonprofit,not found,$50K-$150K,10,20,14,15,0,5,64,64,2,"Assurex Global member firm for Utah with Idaho coverage, so one relationship reaches two territory-thin states. Utah Museum of Fine Arts plus a growing Park City collector base with no local fine art specialist calling.",None found.
The Mahoney Group,West Region,T2 Multi-office,"Assurex Global member, Southwest","Chandler, AZ",P / C / M,Private Client; charter school and nonprofit book,not found,$50K-$150K,10,20,14,15,0,5,64,64,2,"Assurex Global member for Arizona, PURE-appointed, and moved into a new Chandler headquarters, which signals producer hiring. Scottsdale and Paradise Valley collector density plus an AZ nonprofit book.",None found.
CCIG (Cherry Creek Insurance Group),West Region,T2 Multi-office,"Assurex Global member, Colorado","Englewood, CO",P / C,Private Client Group,not found,$50K-$150K,10,20,14,15,3,5,67,67,2,"Published 'The Fine Art of Determining Value', a fine art valuation article, so someone there already owns the topic. Assurex member and PURE-appointed. Cherry Creek is Denver's gallery and art-fair district.",None found.
Cragin & Pike,West Region,T2 Multi-office,"Assurex Global member, Nevada","Las Vegas, NV",P / C / D,Private Client / Personal Lines,not found,$50K-$150K,10,20,14,15,0,5,64,64,2,"Oldest independent brokerage in Nevada and the Assurex member for the state. Strip resort corporate collections plus Las Vegas gallery and auction traffic, a dealer channel nobody is working.",None found.
"Daniels Insurance, Inc.",West Region,T2 Multi-office,"Assurex Global member, New Mexico","Santa Fe / Albuquerque, NM",D / P / M,Private Client; commercial,not found,$50K-$150K,10,20,14,15,0,5,64,64,2,Canyon Road is one of the largest gallery concentrations in the US and the Dealer form has no credible local incumbent. Santa Fe Indian Market adds a dense seasonal dealer population. Assurex member for NM.,None found.
The Partners Group,West Region,T2 Multi-office,"Assurex Global member, Oregon","Lake Oswego, OR",C / M / P,Commercial and nonprofit; private client,not found,$50K-$150K,10,20,14,15,0,5,64,64,2,"Assurex member for Oregon with Bellevue and Boise offices, so one relationship covers OR, WA and ID. Portland Art Museum orbit and a dense Oregon nonprofit sector.",None found.
Bolton & Company,West Region,T2 Multi-office,"Pasadena regional, Best Practices agency","Pasadena, CA",P / C,Private Client / Personal Insurance,"Erin Powell, executive and former Assurex Global board director",$50K-$150K,10,20,14,8,3,5,60,60,2,"San Marino and Pasadena household wealth sits in the Huntington and Norton Simon donor orbit. Long-standing Best Practices agency with an Assurex board-seat history, so a private client referral obligation exists. Verify current Assurex status.",None found.
Crest Insurance Group,West Region,T2 Multi-office,PE-backed Southwest consolidator,"Tucson, AZ",P / C,Private Client / Personal Lines,not found,$50K-$150K,10,20,20,15,0,5,70,70,1,CIVC-backed with 13 acquisitions in one year including a Scottsdale agency. Every tuck-in brings a personal lines book nobody has re-underwritten. PURE-appointed.,None found.
The Liberty Company Insurance Brokers,West Region,T2 Multi-office,Partner-equity consolidator,"Woodland Hills, CA",P / C / D,Private Client; entertainment,"Steve Rivera and Bill Holden, firm leaders",$50K-$150K,10,20,20,8,3,5,66,66,2,"PURE-appointed, 2026 Inc. 5000 honoree, running a partner-equity model that recruits producer books continuously. New books arrive without a fine art market attached. San Fernando Valley entertainment households are active collectors.",None found.
LP Insurance Services,West Region,T2 Multi-office,Northern Nevada regional,"Reno, NV",P / C,Private Client; new division,not found,Under $50K,0,20,20,15,0,5,60,60,2,"Named a Best Practices Agency Aug 2025, announced new member-owners Feb 2025 and a new division opening, and is openly recruiting producers. New owners need new product to differentiate. Tahoe second-home wealth.",None found.
Poms & Associates Insurance Brokers,West Region,T2 Multi-office,Public entity and nonprofit specialist,"Woodland Hills, CA",M / C,Public entity and nonprofit risk practice,not found,$50K-$150K,10,20,14,15,0,5,64,64,2,"City-owned museums and civic art collections are typically written on blanket property with no valuation schedule, which is the cleanest Museum-form displacement argument in the West. Second hub in Albuquerque.",None found.
DiBuduo & DeFendis Insurance Brokers,West Region,T2 Multi-office,"Assurex Global member, Central California","Fresno, CA",P / C,Private Client / Personal Lines,not found,Under $50K,0,20,20,15,0,5,60,60,2,"Central Valley agricultural wealth is an unexamined collector pool and no fine art specialist calls on the Valley, so the Personal form is uncontested there even if individual schedules are modest. Assurex member.",None found.
C3 Risk & Insurance Services,West Region,T2 Multi-office,"Assurex Global member, San Diego","San Diego, CA",P / C,Private Client; employee benefits,not found,Under $50K,0,20,14,8,0,5,47,47,2,Elevated two professionals to partner 2024-02-20 and merged its benefits practice with B. Wood Insurance. New partner equity means producers hunting new verticals. Assurex member for San Diego.,None found.
Atlas Insurance Agency (an MMA company),West Region,T2 Multi-office,Hawaii's largest agency,"Honolulu, HI",P / C / M,"Private Client Group, Fine Art",not found,$50K-$150K,10,20,14,15,3,2,64,64,2,"Publishes one of the only dedicated fine art pages by a Hawaii broker, naming museum loans and storage as live exposures. Honolulu Museum of Art, Shangri La and resort corporate collections, all with difficult marine transit exposure.","Partial. Now a Marsh McLennan Agency company, so placements may route through Marsh PCS. MARSH is named in Appendix A."
Momentous Insurance Brokerage (an MMA company),West Region,T2 Multi-office,Entertainment HNW specialist,"Van Nuys, CA",P / C,"Private Client, entertainment HNW","Nancy Yoshida, SVP for ~20 years, departed to Alliant 2026-03-25. Successor not found.",$150K-$500K,20,20,14,8,3,2,67,67,2,Lost a 20-year private client SVP on 2026-03-25. A book that size with no named owner needs market support immediately. The most time-sensitive dated trigger in the universe.,Partial. Marsh McLennan Agency owned. MARSH named in Appendix A.
USI Insurance Services,West Region,T1 Major,"National brokerage, now Aon-owned","Valhalla, NY",P / C / M,Private Client & Executive Benefits; USI Northwest,not found,$150K-$500K,20,20,20,8,0,0,68,68,2,"USI Northwest (Kibble & Prentice) is a Chubb-appointed HNW outlet in Seattle and USI Denver is PURE-appointed, so the carrier panel is live but art-thin.","Newly conflicted. Aon announced the acquisition of USI 2026-08-31, which extends the Huntington T. Block internal routing across USI's platform. Re-screen before any outreach."
Higginbotham,Territory TBD (TX / South Central),T1 Major,"Largest Texas independent, existing Distinguished partner","Fort Worth, TX",P / C / D / M,Fine Arts & Special Collections Practice,"Joy Simpson, EVP and Fine Arts/Special Collections Practice Leader",$500K+,30,20,20,0,10,2,82,82,1,"ALREADY a Distinguished partner. Named preferred insurance provider for the Texas Association of Museums 2024-04-02, introduced at the TAM conference 2024-04-14. This is account expansion and the template for the Western Museums Association and the California Association of Museums.","Not a conflict, an existing relationship. Runs a named Fine Arts & Special Collections practice already contracted with Distinguished."
"Swingle, Collins & Associates",Territory TBD (TX / South Central),T2 Multi-office,Dallas private client specialist,"Dallas, TX",P / C,Private Client / Personal Risk,"Frank Swingle, Principal",$150K-$500K,20,20,20,8,3,5,76,76,1,"Named a Top Personal and Commercial Agency by Chubb. Sits in the Park Cities, the densest old-money collector zip codes in Texas, inside the Nasher and Dallas Museum of Art donor orbit.",None found.
Meslee Insurance Services,West Region,T3 Specialist,Dealer and gallery specialist,"Los Angeles, CA",P / C / D / M,Jewelry & Fine Arts program,not found,$150K-$500K,20,20,3,15,3,2,63,63,2,"Published a Southern California gallery risk-governance guide and a piece on borrowed works and the loan agreement clause. Already placing specie and gallery risks, so the book exists and only needs a better form.","Partial. Markets a branded Jewelry & Fine Arts program and places jewelers block, but is a retail broker, not an MGA."
Venbrook Insurance Services,West Region,T3 Specialist,Private client boutique inside a mid-size firm,"Woodland Hills, CA",P / C,Private Client Services,"Christina Oakes, LUTCF, CPRIA, EVP Private Client Services",$150K-$500K,20,20,14,8,6,5,73,73,1,"The private client page explicitly lists fine art, antiques, memorabilia, coins and wine as scheduled classes, and the practice has a named EVP with a CPRIA designation. LA entertainment HNW base.",None found.
CalNonprofits Insurance Services,West Region,T3 Specialist,Museum and nonprofit practice,"Statewide CA, distributed team",M,California Association of Museums endorsed program,not found,$50K-$150K,10,12,20,15,3,2,62,62,2,"Named endorsed insurance partner of the California Association of Museums with a CAM-member landing page. 1,800 nonprofit accounts, 2025 Big I Best Practices Agency. This is the California equivalent of the Higginbotham/TAM template.","Partial. Wholly owned subsidiary of the California Association of Nonprofits and closely tied to the Nonprofits Insurance Alliance risk pool, which may restrict outside placement."
Kelly Klee Private Insurance,West Region,T3 Specialist,Digital-first HNW boutique,"Avon / Denver, CO",P,Private Client,"not found, founder-led",$150K-$500K,20,12,8,15,0,5,60,60,2,Pure-play HNW broker sitting in the Aspen and Vail collector corridor with no commercial drag on the book. Launched an online private client coverage plan and a mobile app.,None found.
Riverbend Insurance,West Region,T3 Specialist,Private client boutique,"Denver, CO",P,Private Client Insurance,not found,Under $50K,0,12,8,15,0,5,40,40,3,"The licensing footprint maps almost exactly onto the West Region broker territory, so one registration covers six target states. Small shop where art is currently a floater conversation rather than a practice.",None found.
Grit Insurance Group,West Region,T3 Specialist,"Private client boutique, Intermountain","Murray / Salt Lake City, UT",P,"Private Client, Personal Collections",not found,$50K-$150K,10,12,14,15,0,5,56,56,2,"Built granular personal-collections pages for art, wine, antiques, musical instruments, firearms, couture and collectibles. That depth is unusual for a Utah shop and suggests real scheduled business.",None found.
Empire Insurance Brokers,West Region,T3 Specialist,Gallery niche across three target metros,"Lynnwood, WA",D / P,"Art Gallery Insurance, specialized business insurance",not found,$50K-$150K,10,20,20,15,3,5,73,73,1,"Dedicated art gallery insurance page plus physical offices in Seattle metro, Scottsdale and Las Vegas. One registration covers three target metros, which is the best metro-per-registration ratio in the T3 tranche.",None found.
Greene Insurance Group,West Region,T3 Specialist,Luxury-home HNW boutique,"Scottsdale, AZ",P,"Private Client Insurance, Arizona",not found,Under $50K,0,12,8,15,0,5,40,40,3,"Luxury-home landing pages for Paradise Valley, Carefree and Fountain Hills plus a Chubb agency appointment. The client profile is right and the product is missing, so there is no incumbent to displace.",None found.
Luxe Insurance Brokers,West Region,T3 Specialist,"HNW boutique, Phoenix metro","Scottsdale, AZ",P,High Net Worth / Valuable Possessions,"Alexa Stanton, listed representative",Under $50K,0,12,8,15,3,5,43,43,3,Markets Valuable Possessions and High Net Worth coverage across the Phoenix metro with no fine art specialty behind it. True greenfield with no incumbent.,None found.
Chartwell Insurance Services (a division of EPIC),National Account,T3 Specialist,"Fine art, jewelry and collections practice","Chicago, IL",P / C / D / M,"Fine Art, Jewelry & Collections","Rebecca Korach Woan, Founder",$500K+,30,20,14,0,3,0,67,67,2,"Acquired by EPIC 2025-02-10 to anchor EPIC's private client practice, so the team is newly resourced and hunting. A named fine art practice serving collectors, galleries, dealers and advisors.",Conflicted via parent. EPIC fronts its own fine art wildfire program and is named in Appendix A. Approach only with Patrick's clearance.
BCU Risk Advisors,Both,T3 Specialist,"Family office and collections boutique, expanding West","Chicago, IL",P / C,"Fine Art, Jewelry & Collections; Family Office practice","Jeff Cline, Founding Principal; Kerry Shapiro, hired from Marsh Private Client Services national sales",$150K-$500K,20,20,14,15,6,5,80,80,1,Launched a dedicated Family Office practice and opened a Las Vegas office with a senior Marsh PCS hire. A West Region entry with no incumbent fine art market and a founder who can say yes in one call.,None found.
The Allen Thomas Group,National Account,T3 Specialist,"Digital HNW funnel, multi-state","Medina / Akron, OH",P,High Value Homeowners / Private Client,not found,Under $50K,0,12,8,8,0,5,33,33,3,"Runs state-by-state high-value-home landing pages for AZ, CO, NV, NY, NJ and SC, a national HNW lead funnel with no fine art specialist behind it.",None found.
VF Global Insurance Brokerage,East - handoff to Kristen (D3),T3 Specialist,Fine art and collectibles lead specialty,"Greenwich, CT",P / C / D / M,Fine Art & Collectibles,not found,$500K+,30,20,14,0,3,5,72,72,1,"Leads its own marketing with fine art and collectibles across Greenwich, New York, Palm Beach, Miami and Dallas. Fine art is the lead specialty, not an add-on. Strongest East handoff in the universe.",None found.
Hotaling Insurance Services,East - handoff to Kristen (D3),T3 Specialist,Rare art plus arts and cultural nonprofit,"Melville, NY",P / C / D / M,Rare Art specialists; Arts & Cultural Nonprofit practice,"not found, content credited to the team",$500K+,30,20,20,0,3,5,78,78,1,"Publishes both an arts-and-cultural-nonprofit practice page covering museums, theaters and galleries and a separate rare art specialists page, so both the institutional and the collector motion are already live. Claims protection of over $500 million in art assets in Texas alone.",None found.
Lamb Insurance Services,East - handoff to Kristen (D3),T3 Specialist,Nonprofit-only brokerage,"New York, NY",M / C,Arts & Cultural / Nonprofit practice,"Stuart Lamberg, Founder and CEO",$150K-$500K,20,20,20,0,3,5,68,68,2,"The largest US brokerage working exclusively with nonprofits, with arts and cultural organizations a named segment. A single registration opens a whole-sector book.",None found.
New England Insurance Services,East - handoff to Kristen (D3),T3 Specialist,"Museum, gallery and library practice","East Granby, CT",P / C / D / M,"Museum, Art Gallery & Library Insurance",not found,$50K-$150K,10,20,8,0,3,5,46,46,2,"A single-office agency whose entire practice is museums, historic properties, libraries, arts organizations, exhibition organizers, dealers, studios, galleries and personal collectors. The highest segment fit per headcount in the whole universe.",None found.
Granite Insurance,East - handoff to Kristen (D3),T3 Specialist,"Museum practice, AAM industry member","Granite Falls, NC",M,Museum Insurance practice,not found,$50K-$150K,10,12,14,0,3,5,44,44,3,"A current American Alliance of Museums industry member and one of only three insurance entities on AAM's industry member list. Serves museums, historical societies and botanical gardens nationwide.",None found.
Maury Donnelly & Parr,East - handoff to Kristen (D3),T3 Specialist,Fine arts and arts/entertainment practices,"Baltimore, MD",P / C / D / M,Fine Arts Insurance; Arts & Entertainment,not found,$150K-$500K,20,20,20,0,3,2,65,65,2,"Maintains two distinct institutional art practice pages and holds 50-state licensing, so the reach is national even though the HQ is East.","Partial. Operates MDP Programs, its own wholesale program arm, so it may already front capacity and compete for the same risks."
Bruce Gendelman Company,East - handoff to Kristen (D3),T3 Specialist,HNW family practice,"West Palm Beach, FL",P,High Net Worth Family practice,"not found, founder-named firm",$150K-$500K,20,12,14,0,3,5,54,54,2,Publishes art-collection-specific content including pieces on growing collections and insuring art at multiple locations. PURE-appointed. Sits in the densest US collector zip codes.,None found.
AXG Advisors,East - handoff to Kristen (D3),T3 Specialist,Curated collections boutique,"West Palm Beach, FL",P,Curated Collections / Private Client,"George T. Papanier and Adam M. Pauska, Founders and Principals",$150K-$500K,20,12,14,0,6,5,57,57,2,"Built explicitly around curated collections including appraisal coordination and cataloging for fine art, wine, jewelry, couture, timepieces and classic cars. Four named principals and no legacy market loyalty means a fast yes or no.",None found.
"WYN Insurance, Private division",East - handoff to Kristen (D3),T3 Specialist,Invitation-only HNW division,"Miami / Palm Beach, FL",P,"WYN Private, curated collections",not found,$50K-$150K,10,12,8,0,0,5,35,35,3,"Invitation-and-application-only private division with a stated $2M portfolio minimum and a named fine art and jewelry line, sitting in the Art Basel Miami Beach client base. Small, but every client qualifies.",None found.
Cross Private Client Insurance,East - handoff to Kristen (D3),T3 Specialist,Private client arm of New England's largest independent,"Bangor, ME",P / C,Cross Private Client,not found,$150K-$500K,20,20,20,0,3,5,68,68,2,"Published 'The New Luxury Portfolio: Homes, Collections, and Digital Assets', signaling an active collections push. Largest independent broker in New England with a standalone private client brand.",None found.
Wheeler & Taylor Private Client,East - handoff to Kristen (D3),T3 Specialist,Berkshires regional selling into a West metro,"Great Barrington, MA",P,Private Client,not found,$50K-$150K,10,12,14,8,0,5,49,49,2,"Runs a dedicated Beverly Hills high-net-worth landing page from a Berkshires base, so an East firm is already selling into a West metro. Home market is the Clark Art Institute, MASS MoCA and Norman Rockwell Museum corridor.",None found.
Flather & Perkins (a HUB company),East - handoff to Kristen (D3),T3 Specialist,Antiques and art dealer specialist,"Washington, DC",P / C / D / M,Fine Art / Antiques and Art Dealers practice,not found,$500K+,30,20,20,0,3,2,75,75,1,"A decades-old fine art and antique dealer book that still renews, recognized in Insurance Business US Specialty Brokers and a regular presence in Antiques and The Arts Weekly. Acquired by HUB June 2018.","Partial. HUB-owned, and HUB runs its own arts and cultural organization practice, so placements may be steered internally."
Amwins Group,Both,National Wholesaler,"Appendix A wholesaler, largest US premium base","Charlotte, NC",P / C / D / M,"Amwins Private Client, then Property / Inland Marine",not found,$500K+,30,20,20,8,3,2,83,83,1,"Amwins IQ is a live nationwide online marketplace returning bindable quotes to retail agents, and Amwins already publishes a Personal Articles and Collectibles brochure. The product category and the portal both exist before we arrive. $44.5B premium placed.","Partial. Multiple art carriers in play today, no single exclusive found."
CRC Group,Both,National Wholesaler,Appendix A wholesaler,Charlotte / Birmingham,P / C / D,"Personal Lines national practice, then Property","Claire Willis, National Personal Lines Practice Leader",$500K+,30,20,20,8,3,2,83,83,1,"REDY plus REDY INTEL, an AI placement engine, rolled out firm-wide 2025. Stone Point and CD&R acquired it from Truist at $15.5B in 2024 and it rebranded from TIH to CRC Group in 2025, which resets carrier and program relationships.","Partial. Places art across multiple carriers, no exclusive art facility found."
Burns & Wilcox (H.W. Kaufman Group),Both,National Wholesaler,Appendix A wholesaler / MGA,"Farmington Hills, MI",P / C,Private Client,"Heather Posner, VP and National Product Leader, Private Client (CPRIA)",$500K+,30,20,20,8,6,2,86,86,1,"13 West offices and a named national private client product leader. Fine Art and Art Collections is already listed under personal article floaters, and they front no facility of their own, so this is a market-add rather than a displacement.","Partial. Already has fine art floater market access, so the pitch is the incremental Dealer and Museum forms plus excess limits."
RT Specialty (Ryan Specialty),Both,National Wholesaler,Appendix A wholesaler,"Chicago, IL",P / C / D,Personal Lines / Private Client,"not found, practice leadership promoted internally",$500K+,30,20,20,8,0,0,78,78,1,"The product page already sells Private Collections including fine art, jewelry, wine, antiques and silver.","CONFLICTED. Ryan Specialty is the exclusive US wholesale distributor for Private Client Select, the carved-out AIG Private Client Group, with AIG E&S capacity via Marbleshore in all 50 states as of 2024-07-26. The national personal lines shelf is effectively committed to a competing HNW MGU. Recommend dropping unless Patrick overrules."
Jencap Group,Both,National Wholesaler,"National wholesaler, thin West footprint","New York, NY",P / C,Personal Lines national practice,"Danny Walsh, Personal Lines National Practice Leader",$500K+,30,20,20,15,6,5,96,96,1,"$4.0B in 2025 wholesale premium, up 8.1%. Explicitly lists Jewelry / Fine Art / Antiques as a target class but has only two core West offices, which makes it the biggest white space in the wholesale tranche for a West Region broker. MiniCo affiliate gives AZ and WA entry points.","Partial. Fine art is already a stated target class on the personal article floater desk, but no owned facility found."
Bridge Specialty Group (Brown & Brown),Both,National Wholesaler,"National wholesaler, new West unit","Daytona Beach, FL",C / D / M,"Property, then Private Client via Peachtree","Travis Blackford, EVP and Managing Director BSIB; Brian Turnbull, Regional President West",$150K-$500K,20,20,20,15,6,2,83,83,1,"Launched BSIB Property & Casualty western operations 2025-12-01 with three named West leaders. Appetite slots are open right now, which is the best-timed trigger in the wholesale tranche.",Partial. Sister companies Arrowhead and Orchid already hold valuable articles and HNW property programs.
Specialty Program Group (HUB),Both,National Wholesaler,Wholesale broker and program manager,"Chicago, IL",P / C,"Personal Lines, personal article floater desk; Programs",not found,$500K+,30,20,20,8,0,0,78,78,1,"$6.85B in 2025 wholesale premium, up 21.0%, one of the fastest growers at scale. Acquired Market Finders (New Mexico) 2025-06-05 after Anderson & Murison and Commonwealth Underwriters, so the West desk is actively absorbing territory. Premium band raised on the hard premium number.","CONFLICTED. Already holds quote and bind authority on A-rated paper for jewelry, collectibles and fine arts floaters, so this is a displacement or excess-limits conversation, not a market-add."
Novatae Risk Group (World Insurance),Both,National Wholesaler,National wholesaler roll-up,"Long Island City, NY / Dallas, TX",C / D / M,Inland Marine / Ocean Marine,not found,$150K-$500K,20,20,20,8,0,2,70,70,1,"Runs an inland marine MGA desk and is still integrating acquisitions under one brand since the 2022 launch, so program slots are unsettled.",Partial. A Fine Art & Specie MGA program is already listed in their offerings.
Brown & Riding Insurance Services,West Region,T4 Wholesale,"National wholesaler, strong West presence","Dallas, TX",P / C,"Private Client, one of 20 named practice areas",not found,$500K+,30,20,20,15,0,5,90,90,1,"$2.59B in 2025 wholesale premium, up 3.5%, the slowest growth of the billion-dollar firms, which usually means appetite slots are open. A real Private Client practice with no inland marine desk listed, which is exactly the gap the Dealer and Museum forms fill. Premium band raised from the prior estimate on the strength of the hard premium number.",None found. No competing art program.
XPT Specialty,West Region,T4 Wholesale,"National platform, West arm is Western Security Surplus","New Haven, CT",P / C / D,"Property / Specialty binding, then Personal Lines","Matt Merkle and Blake Brininstool, E&S production hires",$150K-$500K,20,20,20,15,3,5,83,83,1,"$1.48B in 2025 wholesale premium, up 13.0%. WSS keeps hiring E&S production talent and bought Houston Surplus Lines, so it is in build mode with no documented art desk to displace. Premium band raised one notch on the hard premium number.",None found.
Risk Placement Services (Gallagher),National Account,National Wholesaler,"National wholesaler, conflicted via parent","Rolling Meadows, IL",P / C,"Affluent Personal Lines, Platinum Plus unit","Chris Crawford, President of Standard Lines",$500K+,30,20,20,8,3,0,81,81,1,"$10.42B in 2025 wholesale premium, up 29.2%, the fastest growth of any firm in the top five. Published affluent personal lines appetite page with a dedicated Platinum Plus placement unit. Premium band raised on the hard premium number, though the Gallagher conflict still caps this row.","CONFLICTED via parent. Gallagher runs its own named Fine Arts Insurance practice and RPS is its captive wholesaler, so art routes internally at both ends. Recommend exclusion."
Arrowhead Intermediaries,Both,National Wholesaler,Hybrid wholesale / MGA / programs platform,"San Diego, CA",P / C,Personal Lines program desk; Programs,not found,$500K+,30,20,20,15,0,0,85,85,1,"$20.02B in 2025 wholesale premium, the 4th largest wholesale operation in the country, AND headquartered in your territory. Absorbing One80 under the Brown & Brown reorganization, so program overlap is being rationalized right now. Premium band raised two notches on the hard premium number.",CONFLICTED. A Valuable Articles program already exists in-house alongside homeowners and residential earthquake.
Orchid Insurance (Brown & Brown),West Region,T4 Wholesale,HNW property MGA-MGU,"Vero Beach, FL",P / C,Private Client / Property,not found,$50K-$150K,10,20,20,8,0,2,60,60,2,"High-value homeowners specialist fronting Chubb, AIG and National General Premier. HNW property appetite is expanding into wildfire states, which is where West collector households are hardest to place.",Partial. Distributes carriers whose homeowners forms already schedule fine art.
Pathpoint,Both,National Wholesaler,Digital wholesale E&S platform,"San Francisco, CA",P / C,Platform / program integration rather than a human desk,not found,$50K-$150K,10,20,20,15,0,5,70,70,1,"The entire business is a nationwide searchable digital E&S placement platform, so a fine art form is an API integration rather than a branch rollout. Adding lines every year since 2020 and already powers E&S access for Smart Choice agencies.",None found.
Breckenridge Insurance Group (Accretive / AssuredPartners),Both,National Wholesaler,National wholesaler and program platform,"Atlanta, GA",C / D / M,"Property / Specialty brokerage, then Programs",not found,$50K-$150K,10,20,20,8,0,5,63,63,2,"Sold by W. R. Berkley to Accretive, AssuredPartners' specialty arm, and the Western Pinnacle acquisition gave it a West platform, so leadership and appetite are both new.",None found.
Bass Underwriters,West Region,T4 Wholesale,Regional wholesaler with one West branch,"Plantation, FL",P / C,Personal Lines,not found,$50K-$150K,10,20,20,8,0,2,60,60,2,"Holds a Northern California office, giving a West entry point into a mostly Southeast book.","Partial. Personal lines desk places floaters, carrier panel undisclosed."
M.J. Hall & Company,West Region,T4 Wholesale,West-only regional wholesaler,"Stockton, CA",P / C,Personal Lines / Property binding,not found,$50K-$150K,10,20,20,15,0,5,70,70,1,"One of the few remaining independent California wholesalers, so it is not locked into a national parent's art panel. The Honolulu presence also covers Hawaii, which no mainland fine art specialist calls on.",None found.
Pacific Excess Insurance Marketing,West Region,T4 Wholesale,Southern California MGA,"Cypress, CA",P / C,Personal Lines / Property binding,not found,$50K-$150K,10,20,20,15,0,5,70,70,1,"Independent and un-acquired in a consolidating market, so adding a program is a growth lever for them rather than a committee decision.",None found.
Cochrane & Company,West Region,T4 Wholesale,Inland Northwest wholesaler,"Spokane Valley, WA",P / C,Personal Lines / Property binding,not found,Under $50K,0,20,20,15,0,5,60,60,2,"The only Inland Northwest wholesaler of scale, which is the thinnest part of most carriers' West distribution and therefore the largest clean territory gap in the tranche.",None found.
Abram Interstate Insurance Services,West Region,T4 Wholesale,California MGA,"Rocklin, CA",P,Personal Lines,not found,Under $50K,0,12,20,8,0,5,45,45,2,"California-focused independent MGA that has stayed independent through the consolidation wave, with a proprietary online personal lines rater.",None found.
Gorst & Compass Insurance Services,West Region,T4 Wholesale,LA-area MGA,"Calabasas, CA",P,Personal Lines,not found,Under $50K,0,12,20,8,0,5,45,45,2,"Long-standing independent LA-area MGA serving the same retail shops the West Region book already touches, so it compounds rather than duplicates.",None found.
J.E. Brown & Associates,West Region,T4 Wholesale,California wholesaler,"Sacramento, CA",P / C,Property / Specialty binding,not found,Under $50K,0,20,20,8,0,5,53,53,2,Independent California wholesaler without a national parent's panel restrictions.,None found.
Arlington/Roe,National Account,T4 Wholesale,"Midwest wholesaler, no West branches","Indianapolis, IN",P / C,Personal Lines,not found,$50K-$150K,10,20,20,0,0,5,55,55,2,"Employee-owned with a real personal lines department and zero West overlap, so include for national reach only. Bottom of the call list.",None found.
Jimcor Agencies,East - handoff to Kristen (D3),T4 Wholesale,"East Coast MGA, personal lines core","Montvale, NJ",P / C,Personal Lines,not found,$50K-$150K,10,20,20,0,0,5,55,55,2,"One of the few MGAs where personal lines is the core book rather than an afterthought, but the footprint is East Coast only. National reach consideration only.",None found.
Assurex Global,National Account,National Brokerage,"Appendix A network, members-only portal","Dublin, OH",P / C / D / M,Partner Services; Private Client practice group,not found,$500K+,30,20,20,8,3,5,86,86,1,"A members-only Community Portal already exists at community.assurexglobal.com, which is literally the Appendix A intranet. Sourcing specialty markets for members is the network's job and there is no network-level fine art facility to displace. Seven firms already on this list are Assurex members.","None found at network level. Partners place individually with Chubb, AXA XL and Berkley."
Goosehead Insurance,National Account,National Brokerage,"Franchise brokerage, single central carrier shelf","Westlake, TX",P / C,Carrier Relations / Product,not found,$500K+,30,20,20,8,0,5,83,83,1,"2024 revenue $314.5M up 20%, total written premium $3.8B up 29%. A franchise brokerage with one centrally controlled carrier shelf satisfies 'all producers country-wide' structurally rather than politically. No fine art or collectibles product on the shelf today.",None found. Clean.
SIAA (The Agent Alliance),National Account,National Brokerage,Agency network and aggregator,"Hampton, NH",P / C,Xchange Powered by SIAA; Carrier Relations,not found,$500K+,30,20,20,8,0,5,83,83,1,"SIAA NXT launched 2025-10-15 as an intelligent distribution platform, and Xchange Powered by SIAA already runs specialty and E&S distribution to members. A live carrier-onboarding moment.",None found at network level.
Smart Choice,National Account,National Brokerage,Market-access network,"Greensboro, NC",P / C,Carrier Relations; E&S / Specialty,not found,$500K+,30,20,20,8,0,5,83,83,1,"A no-fee national market-access program whose entire product is the carrier shelf, with a Pathpoint partnership that already added E&S access for thousands of agents. The shelf has a fine art gap.",None found.
Keystone Insurers Group,National Account,National Brokerage,"Agency network, regional footprint","Northumberland, PA",P / C,Carrier Relations; Specialty,not found,$150K-$500K,20,20,20,0,0,5,65,65,2,"A franchise network with a central carrier-access and specialty-referral function, but the footprint falls short of country-wide, so it cannot satisfy Appendix A on its own. Continued agency-partner acquisitions.",None found.
Nationwide,National Account,Direct Writer,"Appendix A direct writer, now an IA-channel carrier","Columbus, OH",P / C,Personal Lines; Agency & Distribution; Partnerships,not found,$500K+,30,20,20,8,0,5,83,83,1,"Announced in 2023 it would non-renew ALL private client homeowners, private auto, personal collections and excess liability. That is a named, dated hole exactly where our forms sit. Also completed its transition to a fully independent-agency model in July 2020, so the comp plan's 'direct writer' label is stale.",None. They exited the segment rather than competing in it.
GEICO,National Account,Direct Writer,Appendix A direct writer,"Chevy Chase, MD",P,GEICO Insurance Agency; Partner Products,not found,$500K+,30,12,20,8,0,5,75,75,1,"GEICO Insurance Agency has placed standalone jewelry insurance through Jewelers Mutual since July 2019, which is a live, proven template for exactly this kind of partner product. No fine art, dealer or museum capability.","Partial via partner. Jewelry sits with Jewelers Mutual, but fine art is open."
USAA,National Account,Direct Writer,Appendix A direct writer,"San Antonio, TX",P,P&C Product; USAA Insurance Agency / Third-Party Partnerships,not found,$150K-$500K,20,12,20,8,0,2,62,62,2,"Continued third-party marketplace expansion, including small business via partners. USAA Insurance Agency already places non-USAA products to members.","Partial. Runs a narrow version already: a standalone Valuable Personal Property policy covering jewelry, fine art and collectibles with per-item scheduling. The gap is high-limit private collections plus the Dealer and Museum forms."
Allstate,National Account,Direct Writer,Appendix A direct writer,"Northbrook, IL",P / C,Personal Property Product; Agency Distribution; Third-Party Products,not found,$150K-$500K,20,20,20,8,0,5,73,73,1,"Already brokers non-Allstate products through its exclusive-agency channel, and has been shrinking affluent property rather than growing it, which widens the gap.",None found. Scheduled Personal Property endorsement with per-category caps and no private client facility.
American Family,National Account,Direct Writer,Appendix A direct writer,"Madison, WI",P / C,Personal Lines Product; Agency Distribution; Strategic Partnerships; Ventures,not found,$150K-$500K,20,20,20,8,0,5,73,73,1,"Record 2024 revenue and a stated growth posture, plus ongoing group restructuring. Scheduled personal property endorsement with per-item caps and no private client facility.",None found.
Shelter Insurance,National Account,Direct Writer,Appendix A direct writer,"Columbia, MO",P,Personal Lines; Agency Operations; Product Development,not found,$50K-$150K,10,12,20,0,0,5,47,47,2,"Selected Guidewire for a core-systems transformation 2024-12-09, which opens a build window for new endorsements and third-party product links.",None found. Standard scheduled personal property endorsement.
Country Financial,National Account,Direct Writer,Appendix A direct writer,"Bloomington, IL",P,P&C Product; Agency Distribution; Strategic Partnerships,not found,$50K-$150K,10,12,20,0,0,5,47,47,2,100-year anniversary positioning and an active agency recruiting push.,None found. Scheduled personal property endorsement only.
State Farm,National Account,Direct Writer,"Off-list candidate, largest captive intranet in the US","Bloomington, IL",P / C,P&C Product; Agency; Third-Party Products / Alliances,not found,$500K+,30,20,20,8,0,5,83,83,1,"The largest single captive agent intranet in the US, and State Farm already brokers non-State-Farm products through it. A May 2026 compensation restructuring across 19,000 agents reopens the question of what else agents can sell.","None found. Scheduled personal property only, no private client or fine art facility."
Liberty Mutual / Safeco,National Account,Direct Writer,"Off-list candidate, IA portal","Boston, MA",P / C,Safeco Product; IA Distribution; Partner Products,not found,$150K-$500K,20,20,20,8,0,5,73,73,1,"Safeco Now is a national independent-agent portal with a published product shelf, and Liberty Mutual's retreat from affluent property widens the gap.",None found.
Farmers Insurance,National Account,Direct Writer,"Off-list candidate, captive agent intranet","Woodland Hills, CA",P / C,Personal Lines Product; Distribution; Partnerships,not found,$150K-$500K,20,20,20,8,0,5,73,73,1,"Single national exclusive-agent intranet, Zurich-owned restructuring underway, and the HQ sits in the West Region territory, which makes an in-person path unusually easy.",None found.
Victor Insurance Managers (Marsh),National Account,National Wholesaler,MGA / underwriting manager,"New York, NY",P / C,Program underwriting; Personal Lines programs,not found,$500K+,30,20,20,8,0,0,78,78,1,"$4.92B in 2025 wholesale premium, up 12.7%. The largest pure MGA and underwriting manager in the ranking. As a program manager rather than a retail practice, it is structurally the right kind of counterparty for a four-form program placement.","CONFLICTED via parent. Marsh-owned, so it inherits the Marsh Private Client Services and MMA Fine Arts & Specie conflict. MARSH is named in Appendix A, so Patrick owns this one."
Wholesure (Acrisure),National Account,National Wholesaler,Wholesale broker / MGA,"Chicago, IL",P / C,Brokerage; Contract Binding; Programs,not found,$500K+,30,20,20,8,0,2,80,80,1,"$4.81B in 2025 wholesale premium, up 8.5%. Launched 2024-02-29 as Acrisure's integrated national P&C wholesale division, so the shelf is still being assembled, which is the easiest moment to get on it.","Partial. ACRISURE is named in Appendix A and owns Acrisure Re plus MGA platforms, but no fine art facility was found."
Innovation Growth Partners Specialty (U.S. Risk),National Account,National Wholesaler,Wholesale broker / MGA,"Atlanta, GA",P / C / D,Personal Lines; Programs; Specialty brokerage,not found,$150K-$500K,20,20,20,8,0,5,73,73,1,"$1.04B in 2025 wholesale premium, up 56.6%, the fastest growth of any firm in the ranking by a wide margin. A platform adding premium that fast is adding lines, which makes a program conversation easy rather than competitive.",None found.
Johnson & Johnson Insurance,National Account,National Wholesaler,MGA / wholesale broker,"Mount Pleasant, SC",P / C,Personal Lines; Programs,not found,$150K-$500K,20,20,20,0,0,5,65,65,2,"$1.44B in 2025 wholesale premium, up only 2.2%, the slowest growth in the top fifteen. Flat premium at that scale usually means open appetite slots and a receptive programs team.",None found.
Monarch E&S Insurance Services,West Region,T4 Wholesale,West binding authority arm of HUB's SPG,"Woodland Hills, CA",P / C,"Personal Lines, personal article floater desk",not found,$150K-$500K,20,20,20,15,0,0,75,75,1,"Split out from the SPG row because this is the entity that actually holds the binding authority in your territory. Absorbed Anderson & Murison and then Market Finders (New Mexico) 2025-06-05, so the West desk is still digesting territory.","CONFLICTED. Holds quote and bind authority on A-rated paper for jewelry, collectibles and fine arts floaters, so this is a displacement or excess-limits conversation rather than a market-add."
Integrated Specialty Coverages (ISC),West Region,T4 Wholesale,Technology-led MGA,"Irvine, CA",P / C,Personal Lines; Programs,not found,$50K-$150K,10,20,20,15,0,5,70,70,1,"Irvine-headquartered, so it sits inside the West Region territory and inside the Orange County private client corridor. Technology-led placement with no fine art capability found, which makes a form an integration rather than a negotiation.",None found.
BTIS (Builders & Tradesmen's Insurance Services),West Region,T4 Wholesale,Construction and trades MGA,"Rocklin, CA",C (adjacent only),Programs; Small Commercial,not found,Under $50K,0,4,20,15,0,5,44,44,3,"Included for completeness because it appears in the ranking and is California-based. Construction and trades focus means fine art is adjacent at best, so the segment-fit score is deliberately low. Not a priority call.",None found.
Evolution Insurance Brokers,West Region,T4 Wholesale,Intermountain wholesale broker,"Sandy, UT",P / C,Specialty brokerage,not found,Under $50K,0,20,14,15,0,5,54,54,2,"$203M in 2025 wholesale premium, DOWN 8.5%, the only declining firm in the ranking. Utah sits in a territory-thin state so the geography helps, but a shrinking book is a weak distribution partner. Worth a call, not a campaign.",None found.
USG Insurance Services,National Account,T4 Wholesale,National wholesale broker / MGA,"Tampa, FL",P / C,Personal Lines; Brokerage,not found,$50K-$150K,10,20,20,0,0,5,55,55,2,"$333M in 2025 wholesale premium. National reach from a Tampa base with no confirmed West branch, so this is a national-reach consideration rather than a West Region call.",None found.
London Underwriters,Territory TBD (TX / South Central),T4 Wholesale,Gulf Coast wholesale broker,"Houston, TX",P / C / D,Specialty brokerage; Personal Lines,not found,$50K-$150K,10,20,14,8,0,5,57,57,2,"Houston-based, so it is flagged territory TBD alongside Higginbotham and Swingle Collins pending Patrick's line on South Central. Houston has real corporate collection and gallery density through the Menil and MFAH orbit.",None found.
XS Brokers Insurance Agency,East - handoff to Kristen (D3),T4 Wholesale,New England wholesale broker / MGA,"Quincy, MA",P / C,Personal Lines; Brokerage,not found,$50K-$150K,10,20,20,0,0,5,55,55,2,"$484M in 2025 wholesale premium, up 8.6%. East footprint, so sourced for Kristen rather than worked. Sits in the Boston and Berkshires cultural-institution corridor.",None found.
Decotis Specialty Insurance,East - handoff to Kristen (D3),T4 Wholesale,Northeast wholesale broker,"Hasbrouck Heights, NJ",P / C,Specialty brokerage,not found,Under $50K,0,20,14,0,0,5,39,39,3,"East footprint, sourced for Kristen. Included because it appears in the ranking, but the New York metro wholesale field is crowded and this is the smallest of the Northeast names.",None found.
