Company,Segment,Class,HQ,2025 Wholesale Premium,Fit (1-5),Signal,Contact
EPIC Insurance Brokers,Retail - Private Client,Channel,"New York, NY",,5,"Dedicated EPIC Private Client; places fine art & collections; acquisitive",Adela Townley
Lockton,Retail - Private Client,Channel,"Kansas City, MO",,5,"Private Risk Solutions 'Luxury Collections' (fine art, wine, jewelry)",
USI,Retail - Private Client,Channel,"Valhalla, NY",,5,"Personal Risk Services; HNW incl. fine art",Jim Kane (SVP)
Amwins Group,MGA / Wholesale,Channel,"Charlotte, NC","$48.8B",5,"Amwins Private Client (PCIG); private collections; largest US wholesaler",Kevin Madden (retired)
Ryan Specialty / RT Specialty,Wholesale Broker,Channel,"Chicago, IL","$31.5B",5,"RT Specialty High Net Worth — dedicated HNW/UHNW practice",Jason Lentz (President)
Risk Placement Services (RPS),MGA / Wholesale,Channel,"Rolling Meadows, IL","$10.4B",5,"'Platinum Plus' affluent unit; fine-art placements",
Burns & Wilcox,MGA / Wholesale,Channel,"Farmington Hills, MI","$3.2B",5,"Private Client; fine-art & collections personal article floaters",Heather Posner (Natl Product Leader)
Assurex Global,Agency Network,Channel,"Columbus, OH",,5,"Private Client Practice Group; carrier-partnership reach = broad leverage",Jamie Gregory (SVP Carrier Partnerships)
CRC Group,Wholesale Broker,Channel,"Charlotte, NC","$32.7B",4,"$32B wholesaler with HNW personal-lines desk (collections)",
Arrowhead Intermediaries,MGA / Wholesale,Channel,"San Diego, CA","$20.0B",4,"Private Client Program (E&S high-value HO, trusts/LLCs); huge delegated platform",
Jencap Group,MGA / Wholesale,Channel,"New York, NY","$4.0B",4,"Personal Lines HNW homeowners + personal article floaters",Christopher Reid (SVP)
Novatae Risk Group,MGA / Wholesale,Channel,"Chicago, IL",,4,"Private Client Solutions; fine-art collections; Lloyd's coverholder",Brian Voorhees
Brown & Riding,Wholesale Broker,Channel,"Dallas, TX","$2.6B",4,"New (2026) National Private Client Practice; fine art; Lloyd's coverholder",Courtney Kerr
Johnson & Johnson Insurance,Wholesale Broker,Channel,"Mount Pleasant, SC","$1.4B",4,"High-value homeowners team (>$1M, up to $25M, Lloyd's access)",
XS Brokers,MGA / Wholesale,Channel,"Quincy, MA","$484M",4,"Personal lines specialty; high-value HO + 'high profile individuals'",
Jimcor Agencies,MGA / Wholesale,Channel,"Montvale, NJ",,4,"Personal-lines specialty; high-valued HO; 45 states / 200 carriers",
Integrated Specialty Coverages (ISC),MGA / Wholesale,Channel,"Irvine, CA",,4,"High-value homeowners E&S up to $25M; personal lines programs",
XPT Specialty,MGA / Wholesale,Channel,"New Haven, CT","$1.5B",4,"Personal lines (S&H Underwriters); mid-high value HO; own program",
Gorst & Compass,Wholesale Broker,Channel,"Calabasas, CA",,4,"Personal lines + personal article floaters; high-value CA homes",
High Street Brokers,Retail - Private Client,Channel,"—",,4,"WARM: Tim Tompkins (Nonie Tompkins' father) — relationship-led",Tim Tompkins
Iroquois Group,Agency Network,Channel,"Allegany, NY",,4,"Large independent-agency network — distribution leverage",Amy Branch
SIAA,Agency Network,Channel,"Hampton, NH",,4,"Largest independent-agency alliance — mass reach",
Keystone Group,Agency Network,Channel,"Northumberland, PA",,4,"Agency partnership network",
Specialty Program Group (HUB),MGA (own fine-art program),Channel,"Chicago, IL","$6.9B",3,"Parent of Monarch; own SPG Fine Art Collections program — partner or competitor",Stefanie McLeod / Genette Nice
Monarch E&S Insurance Services,MGA (own fine-art program),Channel,"Woodland Hills, CA",,3,"Personal Lines Jewelry & Fine Arts + own Fine Art Collections program — competes",Stefanie McLeod / Genette Nice
USG Insurance Services,MGA / Wholesale,Channel,"Tampa, FL","$333M",3,"AAU Personal Lines — High Value Homeowners, yacht, umbrella",
Bass Underwriters,MGA / Wholesale,Channel,"Plantation, FL",,3,"High-value homeowners MGA (homeowners-led)",
London Underwriters,Wholesale Broker,Channel,"Houston, TX",,3,"E&S personal lines (homeowners-led)",
Wholesure,MGA / Wholesale,Channel,"Chicago, IL","$4.8B",3,"Wholesale/MGA; personal-lines fine-art capability unconfirmed (verify)",
Victor Insurance Managers,MGA / Program,Channel,"New York, NY","$4.9B",2,"Specialty programs (prof/mgmt liability, commercial); no HNW fine-art desk",
Innovation Growth Partners (U.S. Risk),MGA / Wholesale,Channel,"Atlanta, GA","$1.0B",2,"Specialty commercial wholesale; HNW/fine-art unconfirmed (verify)",
Evolution Insurance Brokers,Wholesale Broker,Channel,"Sandy, UT","$203M",2,"Hard-to-place / high-risk E&S; not HNW/fine-art",
Decotis Specialty Insurance,Wholesale Broker,Channel,"Hasbrouck Heights, NJ",,2,"Specialty wholesale; personal/fine-art capability unconfirmed (verify)",
BTIS (Builders & Tradesmen's),MGA / Wholesale,Channel,"Rocklin, CA",,1,"Construction-trades MGA — no personal/fine-art",
Vault Insurance,Carrier (competitor),Channel,"Atlanta, GA",,2,"Own Collections Insurance (fine art) — HNW reciprocal carrier; competitor",
USAA,Carrier (captive),Channel,"San Antonio, TX",,2,"Direct Valuable Personal Property; captive (military) — not a channel",Gary Baker (SVP Agency Ops)
Nationwide P&C (Private Client),Carrier (exiting),Channel,"Columbus, OH",,1,"Nationwide Private Client exiting HNW (non-renewing since 2024)",
Bamboo Insurance,MGA (homeowners),Channel,"Pleasanton, CA",,2,"CA homeowners insurtech MGA; no fine art",Taylor Mobley (CEO)
Allstate Insurance Group,Carrier (mass-market),Channel,"Northbrook, IL",,1,"Carrier/captive; Encompass has some HNW homeowners",
American Family Insurance Group,Carrier (mass-market),Channel,"Madison, WI",,1,"No HNW fine-art focus",
Progressive Insurance Group,Carrier (auto),Channel,"Mayfield, OH",,1,"Auto-centric; minimal fine art",
GEICO,Carrier (auto),Channel,"Chevy Chase, MD",,1,"Auto-centric direct; minimal fine art",
Auto Club Enterprises (AAA),Carrier (membership),Channel,"Costa Mesa, CA",,1,"Membership auto/home; minimal fine art",
Shelter Insurance (Daniel Boone Agency),Carrier (regional),Channel,"Columbia, MO",,1,"Regional Midwest carrier/agency; not HNW",
Rural Insurance,Carrier (farm),Channel,"Madison, WI",,1,"Farm/rural mutual; minimal fine art",Dan Merk (CEO)
