Company,Segment,HQ,Fit (1-5),Signal,Contact
Christie's,Auction House,"New York, NY",5,Top global auction house; consignors need nail-to-nail transit & exhibition cover,
Sotheby's,Auction House,"New York, NY",5,Global auction leader; HNW consignors and buyers,
Phillips,Auction House,"New York, NY",5,20th/21st-c art & design; HNW collector base,
Bonhams,Auction House,"New York, NY",4,Global mid-to-high auction house,
Heritage Auctions,Auction House,"Dallas, TX",5,Largest collectibles auctioneer (coins/comics/cards/memorabilia) — core collectibles fit,
Gagosian,Gallery / Dealer,"New York, NY",5,Blue-chip gallery; high-value inventory & consignments in transit,
David Zwirner,Gallery / Dealer,"New York, NY",5,Blue-chip gallery; HNW clientele,
Pace Gallery,Gallery / Dealer,"New York, NY",5,Blue-chip gallery; global exhibitions,
Hauser & Wirth,Gallery / Dealer,"New York, NY",5,Blue-chip gallery; museum-grade works,
Crozier Fine Arts,Art Logistics / Shipping,"New York, NY",5,Leading art shipper/storage (Iron Mountain); nail-to-nail need — named network type,
Masterpiece International,Art Logistics / Shipping,"New York, NY",5,Fine-art shipping & customs; transit insurance referral,
Dietl International,Art Logistics / Shipping,"New York, NY",4,Fine-art logistics; transit exposure,
Atelier 4,Art Logistics / Shipping,"Long Island City, NY",4,Fine-art packing/shipping/storage,
UOVO,Art Storage,"Long Island City, NY",5,Premier fine-art & collectibles storage; high insurable concentration,
ARCIS,Art Storage,"New York, NY",4,High-value art storage/vault,
Winston Art Group,Appraisal / Advisory,"New York, NY",5,Independent appraisers & advisors — direct referral channel (named network),
Gurr Johns,Appraisal / Advisory,"New York, NY",4,Global valuations & advisory,
Julius Lowy Frame & Restoring,Restoration / Framing,"New York, NY",4,Conservation & framing — named "restorers" network type,
Artwork Archive,Collection Management,"Denver, CO",4,Collection cataloging platform; reaches collectors needing coverage,
Masterworks,Collectibles / Investment,"New York, NY",3,Fractional art investing; insurable holdings, HNW investors,
DeWitt Stern (Risk Strategies),HNW / Fine-Art Broker,"New York, NY",5,Specialty fine-art insurance brokerage — primary distribution partner,
Hub International Private Client,HNW / Fine-Art Broker,"Chicago, IL",5,Private-client P&C brokerage — distribution channel,
NFP Private Client,HNW / Fine-Art Broker,"New York, NY",4,Private-client brokerage; HNW books,
J.P. Morgan Private Bank,Wealth / Family Office,"New York, NY",4,UHNW clients with major collections; referral source,
Bessemer Trust,Wealth / Family Office,"New York, NY",4,Multi-family office; art-owning clients,
Day Pitney Private Client,Trust & Estate Attorney,"New York, NY",3,Estates/trusts holding collections; referral at transfer — named "attorneys" network type,
