player_id,Rank,Name,Team,Position,Tier,Mason Dodd Rank,Expert Rank
9221,1,Jahmyr Gibbs,DET,RB,S,1,1.13
9509,2,Bijan Robinson,ATL,RB,S,2,1.88
7564,3,Ja'Marr Chase,CIN,WR,S,3,3
9493,4,Puka Nacua,LAR,WR,S,4,4
9488,5,Jaxon Smith-Njigba,SEA,WR,S,5,5.75
4034,6,Christian McCaffrey,SF,RB,A,6,6.13
6813,7,Jonathan Taylor,IND,RB,A,7,9
7547,8,Amon-Ra St. Brown,DET,WR,A,8,6.88
6786,9,CeeDee Lamb,DAL,WR,A,9,9.75
6794,10,Justin Jefferson,MIN,WR,A,10,10.88
8138,11,James Cook,BUF,RB,B,11,9.88
9224,12,Chase Brown,CIN,RB,B,12,12.13
9226,13,Devon Achane,MIA,RB,B,13,13.75
4866,14,Saquon Barkley,PHI,RB,B,14,14.13
12507,15,Omarion Hampton,LAC,RB,B,15,13.88
8151,16,Kenneth Walker,KC,RB,B,16,15.25
12527,17,Ashton Jeanty,LV,RB,B,17,17.25
3198,18,Derrick Henry,BAL,RB,B,18,19
5859,19,A.J. Brown,NE,WR,B,19,21
8112,20,Drake London,ATL,WR,C,20,19.5
11604,21,Brock Bowers,LV,TE,C,21,20.88
7569,22,Nico Collins,HOU,WR,C,22,21.63
11632,23,Malik Nabers,NYG,WR,C,23,21.38
8130,24,Trey McBride,ARI,TE,C,24,28
8137,25,George Pickens,DAL,WR,C,25,24.13
10229,26,Rashee Rice,KC,WR,C,26,25.38
8144,27,Chris Olave,NO,WR,C,27,25.88
8155,28,Breece Hall,NYJ,RB,C,28,30.13
13242,29,Jeremiyah Love,ARI,RB,C,29,28.25
8150,30,Kyren Williams,LAR,RB,D,30,30.88
7588,31,Javonte Williams,DAL,RB,D,31,31.38
7543,32,Travis Etienne,NO,RB,D,32,39.88
7525,33,DeVonta Smith,PHI,WR,D,33,30.38
6801,34,Tee Higgins,CIN,WR,D,34,34.63
4984,35,Josh Allen,BUF,QB,D,35,38.5
9997,36,Zay Flowers,BAL,WR,D,36,33.5
7526,37,Jaylen Waddle,DEN,WR,D,37,34.25
12526,38,Tetairoa McMillan,CAR,WR,D,38,41.88
12514,39,Emeka Egbuka,TB,WR,D,39,39.88
11635,40,Ladd McConkey,LAC,WR,E,40,37.88
8146,41,Garrett Wilson,NYJ,WR,E,41,40.38
6790,42,D'Andre Swift,CHI,RB,E,42,44.25
5892,43,David Montgomery,HOU,RB,E,43,48.5
12517,44,Colston Loveland,CHI,TE,E,44,40.38
12512,45,Quinshon Judkins,CLE,RB,E,45,47.38
11584,46,Bucky Irving,TB,RB,E,46,43.75
13244,47,Jadarian Price,SEA,RB,E,47,50
12490,48,Bhayshul Tuten,JAX,RB,E,48,48.13
12481,49,Cam Skattebo,NYG,RB,E,49,45.13
2133,50,Davante Adams,LAR,WR,F,50,48.63
8167,51,Christian Watson,GB,WR,F,51,56.25
8148,52,Jameson Williams,DET,WR,F,52,50.75
12519,53,Luther Burden,CHI,WR,F,53,47.75
5927,54,Terry McLaurin,WAS,WR,F,54,53.13
4881,55,Lamar Jackson,BAL,QB,F,55,54.75
11620,56,Rome Odunze,CHI,WR,F,56,54.38
4983,57,DJ Moore,BUF,WR,F,57,59.13
2216,58,Mike Evans,SF,WR,F,58,62.5
12518,59,Tyler Warren,IND,TE,G,59,58.38
12529,60,TreVeyon Henderson,NE,RB,G,60,60.38
7611,61,Rhamondre Stevenson,NE,RB,G,61,65
11564,62,Drake Maye,NE,QB,G,62,68.38
6770,63,Joe Burrow,CIN,QB,G,63,69.38
13265,64,Carnell Tate,TEN,WR,G,64,59.25
11631,65,Brian Thomas,JAX,WR,G,65,59.75
9487,66,Parker Washington,JAX,WR,G,66,63
11566,67,Jayden Daniels,WAS,QB,G,67,70.38
8228,68,Jaylen Warren,PIT,RB,G,68,65
6904,69,Jalen Hurts,PHI,QB,H,69,81
11583,70,Jonathon Brooks,CAR,RB,H,70,75.88
5967,71,Tony Pollard,TEN,RB,H,71,78.5
12489,72,RJ Harvey,DEN,RB,H,72,86.63
11628,73,Marvin Harrison,ARI,WR,H,73,63
4037,74,Chris Godwin,TB,WR,H,74,77.38
11560,75,Caleb Williams,CHI,QB,H,75,75.63
9484,76,Tucker Kraft,GB,TE,H,76,78
10859,77,Sam LaPorta,DET,TE,H,77,85.88
5846,78,DK Metcalf,PIT,WR,H,78,83.5
7553,79,Kyle Pitts,ATL,TE,H,79,93.25
12506,80,Harold Fannin,CLE,TE,H,80,92.88
11581,81,MarShawn Lloyd,GB,RB,I,81,78.88
7021,82,Rico Dowdle,PIT,RB,I,82,86.25
4217,83,George Kittle,SF,TE,I,83,96
9756,84,Jordan Addison,MIN,WR,I,84,82.75
9754,85,Quentin Johnston,LAC,WR,I,85,84.25
13266,86,Makai Lemon,PHI,WR,I,86,82.88
6819,87,Michael Pittman,PIT,WR,I,87,81.5
5045,88,Courtland Sutton,DEN,WR,I,88,88.75
7594,89,Chuba Hubbard,CAR,RB,I,89,93.13
3294,90,Dak Prescott,DAL,QB,J,90,95.63
6797,91,Justin Herbert,LAC,QB,J,91,92.25
13305,92,De'Zhaun Stribling,SF,WR,J,92,104.13
2449,93,Stefon Diggs,WAS,WR,J,93,88.13
11586,94,Blake Corum,LAR,RB,J,94,99.63
8408,95,Jordan Mason,MIN,RB,J,95,91.63
6806,96,J.K. Dobbins,DEN,RB,J,96,85.5
7567,97,Kenneth Gainwell,TB,RB,J,97,106.25
8142,98,Alec Pierce,IND,WR,J,98,92.88
8126,99,Wan'Dale Robinson,TEN,WR,J,99,98.63
10232,100,Michael Wilson,ARI,WR,J,100,92
9500,101,Josh Downs,IND,WR,K,101,97.25
12501,102,Matthew Golden,GB,WR,K,102,99.63
13268,103,KC Concepcion,CLE,WR,K,103,97.75
7523,104,Trevor Lawrence,JAX,QB,K,104,88
4046,105,Patrick Mahomes,KC,QB,K,105,112.88
10222,106,Jayden Reed,GB,WR,K,106,106.63
13264,107,Jordyn Tyson,NO,WR,K,107,108.63
8136,108,Rachaad White,WAS,RB,K,108,99.5
12533,109,Jacory Croskey-Merritt,WAS,RB,K,109,93.5
5850,110,Josh Jacobs,GB,RB,K,110,153.5
2025001,111,Kyle Monangai,CHI,RB,K,111,109.13
4199,112,Aaron Jones,MIN,RB,K,112,120.25
12508,113,Jaxson Dart,NYG,QB,K,113,111.5
8183,114,Brock Purdy,SF,QB,K,114,107.75
5849,115,Kyler Murray,MIN,QB,K,115,120.75
11563,116,Bo Nix,DEN,QB,K,116,108.25
421,117,Matthew Stafford,LAR,QB,K,117,117.13
11624,118,Xavier Worthy,KC,WR,K,118,111
13262,119,Mike Washington Jr.,LV,RB,K,119,127.25
10219,120,Chris Rodriguez,JAX,RB,K,120,127.63
5947,121,Jakobi Meyers,JAX,WR,K,121,123.13
5872,122,Deebo Samuel,SF,WR,K,122,116.63
11646,123,Jalen Coker,CAR,WR,K,123,125.63
3163,124,Jared Goff,DET,QB,K,124,118.5
6804,125,Jordan Love,GB,QB,K,125,137.63
1466,126,Travis Kelce,KC,TE,K,126,126.63
10236,127,Dalton Kincaid,BUF,TE,K,127,131.88
8110,128,Jake Ferguson,DAL,TE,K,128,130.88
4892,129,Baker Mayfield,TB,QB,K,129,135.13
2025013,130,Tyler Shough,NO,QB,K,130,145.63
5012,131,Mark Andrews,BAL,TE,K,131,139
8161,132,Malik Willis,MIA,QB,K,132,144.88
5022,133,Dallas Goedert,PHI,TE,K,133,131.75
8121,134,Romeo Doubs,NE,WR,K,134,123.63
8134,135,Khalil Shakir,BUF,WR,K,135,138.75
7002,136,Juwan Johnson,NO,TE,K,136,147.63
8676,137,Rashid Shaheed,SEA,WR,K,137,140.25
12522,138,Cam Ward,TEN,QB,K,138,166.88
1479,139,Keenan Allen,IND,WR,K,139,135.25
8132,140,Tyler Allgeier,ARI,RB,K,140,139.75
12504,141,Kaleb Johnson,GB,RB,K,141,169.38
12474,142,Woody Marks,HOU,RB,K,142,133.25
13277,143,Omar Cooper Jr.,NYJ,WR,K,143,160.63
4943,144,Sam Darnold,SEA,QB,K,144,161.38
9758,145,C.J. Stroud,HOU,QB,K,145,160.13
8131,146,Isaiah Likely,NYG,TE,K,146,136.13
5870,147,Daniel Jones,IND,QB,K,147,163.38
13267,148,Denzel Boston,CLE,WR,K,148,126.25
3214,149,Hunter Henry,NE,TE,K,149,163
13243,150,Jonah Coleman,DEN,RB,K,150,135.25
9511,151,Keaton Mitchell,LAC,RB,K,151,143.63
9225,152,Tank Bigsby,PHI,RB,K,152,146.5
12530,153,Travis Hunter,JAX,WR,K,153,134.25
9480,154,Brenton Strange,JAX,TE,K,154,155.75
7049,155,Jauan Jennings,MIN,WR,K,155,202.13
9753,156,Zach Charbonnet,SEA,RB,K,156,175.75
9508,157,Tyjae Spears,TEN,RB,K,157,165.63
8154,158,Brian Robinson,ATL,RB,K,158,165.5
5844,159,T.J. Hockenson,MIN,TE,K,159,170.13
11576,160,Braelon Allen,NYJ,RB,K,160,187.88
10213,161,Tre Tucker,LV,WR,K,161,159.5
9228,162,Bryce Young,CAR,QB,K,162,172.75
8210,163,Chig Okonkwo,WAS,TE,K,163,156.88
12487,164,Terrance Ferguson,LAR,TE,K,164,173.25
11575,165,Ray Davis,BUF,RB,K,165,194.38
12469,166,Dylan Sampson,CLE,RB,K,166,163.5
13364,167,Kaelon Black,SF,RB,K,167,180.63
11618,168,Jalen McMillan,TB,WR,K,168,154.38
9504,169,Kayshon Boutte,HOU,WR,K,169,163.88
13245,170,Nicholas Singleton,TEN,RB,K,170,186.88
7528,171,Najee Harris,NYG,RB,K,171,183.14
13253,172,Emmett Johnson,KC,RB,K,172,166.63
13273,173,Ja'Kobi Lane,BAL,WR,K,173,159.63
12509,174,Tre Harris,LAC,WR,K,174,176.38
13246,175,Kaytron Allen,WAS,RB,K,175,188.75
4035,176,Alvin Kamara,NO,RB,K,176,189.63
8205,177,Isiah Pacheco,DET,RB,K,177,172.86
11655,178,Tyrone Tracy,NYG,RB,K,178,176.43
9506,179,Sean Tucker,TB,RB,K,179,190.29
5001,180,Dalton Schultz,HOU,TE,K,180,166.63
11783,181,Ryan Flournoy,DAL,WR,K,181,191.38
12492,182,Pat Bryant,DEN,WR,K,182,212
11603,183,AJ Barner,SEA,TE,K,183,179.5
13229,184,Fernando Mendoza,LV,QB,K,184,218.38
8180,185,Jalen Nailor,LV,WR,K,185,179.25
12493,186,Oronde Gadsden,LAC,TE,K,186,178.63
96,187,Aaron Rodgers,PIT,QB,K,187,197.5
13280,188,Malachi Fields,NYG,WR,K,188,204.63
13308,189,Kenyon Sadiq,NYJ,TE,K,189,171.75
1373,190,Geno Smith,NYJ,QB,K,190,210.13
13274,191,Zachariah Branch,ATL,WR,K,191,199.38
13271,192,Germie Bernard,PIT,WR,K,192,198.25
13285,193,Ted Hurst,TB,WR,K,193,215.38
12535,194,Isaac TeSlaa,DET,WR,K,194,204.38
12502,195,Gunnar Helm,TEN,TE,K,195,199.38
8172,196,Greg Dulcich,MIA,TE,K,196,207.5
6783,197,Jerry Jeudy,CLE,WR,K,197,199.88
11625,198,Adonai Mitchell,NYJ,WR,K,198,205.25
4981,199,Calvin Ridley,TEN,WR,K,199,194.57
9502,200,Tank Dell,HOU,WR,K,200,191.17
8111,201,Cade Otton,TB,TE,K,201,210.63
11610,202,Malik Washington,MIA,WR,K,202,184.71
7600,203,Pat Freiermuth,PIT,TE,K,203,206.88
3257,204,Jacoby Brissett,ARI,QB,K,204,200.13
13312,205,Eli Stowers,PHI,TE,K,205,216.43
13307,206,Zavion Thomas,CHI,WR,K,206,276.5
13275,207,Antonio Williams,WAS,WR,K,207,190.75
6768,208,Tua Tagovailoa,ATL,QB,K,208,231
4033,209,David Njoku,LAC,TE,K,209,198.38
9486,210,Dontayvion Wicks,PHI,WR,K,210,216.43
4993,211,Mike Gesicki,CIN,TE,K,211,230.38
7090,212,Darnell Mooney,NYG,WR,K,212,182
4039,213,Cooper Kupp,SEA,WR,K,213,232.86
13272,214,Elijah Sarratt,BAL,WR,K,214,212.5
11627,215,Troy Franklin,DEN,WR,K,215,208.86
2025008,216,Jaylin Noel,HOU,WR,K,216,220.43
3321,217,Tyreek Hill,,WR,K,217,246.83
6803,218,Brandon Aiyuk,SF,WR,K,218,238.4
13269,219,Chris Bell,MIA,WR,K,219,195
12467,220,Jordan James,SF,RB,K,220,217.86
12497,221,Tory Horton,SEA,WR,K,221,227
11637,222,Keon Coleman,BUF,WR,K,222,216.8
6865,223,Colby Parkinson,LAR,TE,K,223,238.33
7571,224,Rashod Bateman,BAL,WR,K,224,229.86
12524,225,Shedeur Sanders,CLE,QB,K,225,241.25
4950,226,Christian Kirk,SF,WR,K,226,221.2
9479,227,Darnell Washington,PIT,TE,K,227,246.25
8800,228,Malik Davis,DAL,RB,K,228,205.57
12048,229,George Holani,SEA,RB,K,229,232.5
11559,230,Michael Penix,ATL,QB,K,230,234.63
4066,231,Evan Engram,DEN,TE,K,231,234.38
11569,232,Jarquez Hunter,,RB,K,232,273.33
8188,233,Tyquan Thornton,KC,WR,K,233,226.71
1166,234,Kirk Cousins,LV,QB,K,234,238.75
11834,235,Devaughn Vele,NO,WR,K,235,223.33
13276,236,Skyler Bell,BUF,WR,K,236,227.57
8698,237,Jake Tonges,SF,TE,K,237,244.8
4137,238,James Conner,ARI,RB,K,238,221.38
11647,239,Kimani Vidal,LAC,RB,K,239,202.25
10226,240,Andrei Iosivas,CIN,WR,K,240,232.17
12483,241,Jack Bech,LV,WR,K,241,219.29
9482,242,Michael Mayer,LV,TE,K,242,255.29
12540,243,Chimere Dike,TEN,WR,K,243,220
12457,244,Jaydon Blue,PHI,RB,K,244,223.83
6149,245,Darius Slayton,NYG,WR,K,245,214.8
13235,246,Carson Beck,ARI,QB,K,246,247.83
11597,247,Theo Johnson,NYG,TE,K,247,249.33
13247,248,Demond Claiborne,MIN,RB,K,248,209
4017,249,Deshaun Watson,CLE,QB,K,249,241.25
7591,250,Justin Fields,KC,QB,K,250,262.33
11565,251,J.J. McCarthy,MIN,QB,K,251,258.5
7527,252,Mac Jones,SF,QB,K,252,259
9229,253,Anthony Richardson,IND,QB,K,253,253
2306,254,Jameis Winston,NYG,QB,K,254,303.33
5995,255,Justice Hill,BAL,RB,K,255,227.86
2307,256,Marcus Mariota,WAS,QB,K,256,305.33
11435,257,Emanuel Wilson,SEA,RB,K,257,232.17
4147,258,Samaje Perine,CIN,RB,K,258,220.17
11643,259,Jaylen Wright,MIA,RB,K,259,241.4
2025002,260,LeQuint Allen,JAX,RB,K,260,250.25
11370,261,Chris Brooks,GB,RB,K,-,168
13299,262,Caleb Douglas,MIA,WR,K,-,175.5
13378,263,Cyrus Allen,KC,WR,K,-,191.29
6130,264,Devin Singletary,NYG,RB,K,-,197.5
12455,265,Brashard Smith,KC,RB,K,-,212.67
12499,266,Elic Ayomanor,TEN,WR,K,-,214
12495,267,Ollie Gordon II,MIA,RB,K,-,215.5
8125,268,Calvin Austin,NYG,WR,K,-,216.5
11650,269,Luke McCaffrey,WAS,WR,K,-,218
8127,270,Charlie Kolar,LAC,TE,K,-,222
12485,271,Tez Johnson,TB,WR,K,-,222.33
13370,272,Seth McGowan,IND,RB,K,-,223
6039,273,Ty Johnson,BUF,RB,K,-,223
13284,274,Bryce Lance,NO,WR,K,-,223.5
9757,275,Kendre Miller,NO,RB,K,-,227
7437,276,Kyle Williams,,WR,K,-,227
10444,277,Cedric Tillman,NO,WR,K,-,227.5
11571,278,Isaiah Davis,NYJ,RB,K,-,227.67
13309,279,Max Klare,LAR,TE,K,-,228
13369,280,Adam Randall,BAL,RB,K,-,228.25
13315,281,Eli Raridon,NE,TE,K,-,232
11651,282,Isaac Guerendo,SF,RB,K,-,232.5
12471,283,DJ Giddens,IND,RB,K,-,234.5
11626,284,Xavier Legette,CAR,WR,K,-,236.33
5848,285,Hollywood Brown,PHI,WR,K,-,238.5
4177,286,Mack Hollins,NE,WR,K,-,243
12476,287,Devin Neal,NO,RB,K,-,243
12718,288,Konata Mumpfield,LAR,WR,K,-,244.5
6271,289,Olamide Zaccheaus,ATL,WR,K,-,245.5
11589,290,Trey Benson,ARI,RB,K,-,245.67
2505,291,Darren Waller,CAR,TE,K,-,247.33
12498,292,Mason Taylor,NYJ,TE,K,-,251
7670,293,Joshua Palmer,BUF,WR,K,-,252.33
2025010,294,Jaylin Lane,WAS,WR,K,-,259
2025007,295,Trevor Etienne,CAR,RB,K,-,263.5
13231,296,Ty Simpson,LAR,QB,K,-,266.33
12521,297,Elijah Arroyo,SEA,TE,K,-,267.67
5906,298,Dawson Knox,BUF,TE,K,-,269.67
6826,299,Cole Kmet,CHI,TE,K,-,270.33
12541,300,Dont'e Thornton Jr.,LV,WR,K,-,272
13311,301,Oscar Delp,NO,TE,K,-,272.25
12503,302,Isaiah Bond,CLE,WR,K,-,273
11600,303,Ja'Tavion Sanders,CAR,TE,K,-,275.67
9501,304,DeMario Douglas,NE,WR,K,-,279
8117,305,Jalen Tolbert,MIA,WR,K,-,279.67
8135,306,Treylon Burks,WAS,WR,K,-,281.33
7828,307,Noah Gray,KC,TE,K,-,283.33
9494,308,Marvin Mims,DEN,WR,K,-,284
11199,309,Emari Demercado,DAL,RB,K,-,286.5
2025009,310,Kyle Williams,NE,WR,K,-,289
13316,311,Justin Joly,,TE,K,-,290.33
8119,312,Jahan Dotson,ATL,WR,K,-,290.67
8143,313,Jerome Ford,WAS,RB,K,-,291
2025006,314,Tahj Brooks,CIN,RB,K,-,292
13236,315,Drew Allar,PIT,QB,K,-,292.25
5857,316,Noah Fant,NO,TE,K,-,293.33
13233,317,Cade Klubnik,NYJ,QB,K,-,294.25
11439,318,Jaleel McLaughlin,CLE,RB,K,-,295
7562,319,Tutu Atwell,LAR,WR,K,-,295
11579,320,Audric Estime,NO,RB,K,-,296
4454,321,Kendrick Bourne,ARI,WR,K,-,296.67
9481,322,Luke Musgrave,GB,TE,K,-,297
11577,323,Will Shipley,PHI,RB,K,-,298
4098,324,Kareem Hunt,,RB,K,-,300
3271,325,Tyler Higbee,LAR,TE,K,-,304
11623,326,Jordan Whittington,LAR,WR,K,-,304.67
10871,327,Luke Schoonmaker,DAL,TE,K,-,310
13331,328,Eli Heidenreich,PIT,RB,K,-,311
13286,329,Brenen Thompson,LAC,WR,K,-,312
11588,330,Jawhar Jordan,HOU,RB,K,-,316
12482,331,Savion Williams,GB,WR,K,-,317
10218,332,Xavier Hutchinson,HOU,WR,K,-,320
13294,333,Kevin Coleman Jr.,MIA,WR,K,-,321
8917,334,KaVontae Turpin,DAL,WR,K,-,323
3634,335,Kalif Raymond,CHI,WR,K,-,324
19,336,Joe Flacco,CIN,QB,K,-,325
7496,337,Nick Westbrook-Ikhine,IND,WR,K,-,326
6427,338,Ashton Dulin,IND,WR,K,-,327
11629,339,Devontez Walker,BAL,WR,K,-,331
8129,340,Dameon Pierce,PHI,RB,K,-,332
11630,341,Roman Wilson,PIT,WR,K,-,337
7587,342,Dyami Brown,WAS,WR,K,-,338
5970,343,Greg Dortch,BUF,WR,K,-,339
3286,344,Demarcus Robinson,SF,WR,K,-,340
2025022,345,Theo Wease Jr.,LAC,WR,K,-,341
12470,346,Riley Leonard,IND,QB,K,-,342
4054,347,Mo Alie-Cox,IND,TE,K,-,343
6011,348,Gardner Minshew,ARI,QB,K,-,344
1426,349,DeAndre Hopkins,,WR,K,-,345
4381,350,Taysom Hill,,TE,K,-,346
827,351,Tyrod Taylor,GB,QB,K,-,347
4040,352,JuJu Smith-Schuster,,WR,K,-,348
8122,353,Zonovan Knight,ARI,RB,K,-,349
12472,354,Raheim Sanders,CLE,RB,K,-,350